attack-ai	1	6	no_execution
attack-ai	1	8	no_execution
attack-ai	1	9	no_execution
attack-ai	1	11	no_execution
attack-ai	1	15	no_execution
attack-ai	2	7	no_execution
attack-ai	2	8	no_execution
attack-ai	2	10	no_execution
attack-ai	2	11	no_execution
attack-ai	2	12	no_execution
attack-ai	3	4	no_execution
attack-ai	3	5	no_execution
attack-ai	3	7	no_execution
attack-ai	3	9	no_execution
attack-ai	3	10	no_execution
attack-ai	3	12	no_execution
attack-ai	3	13	no_execution
attack-ai	3	15	no_execution
attack-ai	4	1	no_execution
attack-ai	4	3	no_execution
attack-ai	4	4	error
attack-ai	4	5	no_execution
attack-ai	4	6	no_execution
attack-ai	4	7	error
attack-ai	4	8	error
attack-ai	4	9	no_execution
attack-ai	4	10	error
attack-ai	4	11	error
attack-ai	4	12	no_execution
attack-ai	4	13	no_execution
attack-ai	5	2	error
attack-ai	5	3	no_execution
attack-ai	5	4	error
attack-ai	5	5	no_execution
attack-ai	5	6	no_execution
attack-ai	5	7	no_execution
attack-ai	5	8	error
attack-ai	5	10	no_execution
attack-ai	5	13	no_execution
attack-ai	5	14	no_execution
attack-ai	5	15	no_execution
attack-ai	6	4	no_execution
attack-ai	6	7	no_execution
attack-ai	6	8	no_execution
attack-ai	6	9	no_execution
attack-ai	6	15	no_execution
attack-ai	7	1	no_execution
attack-ai	7	3	no_execution
attack-ai	7	4	no_execution
attack-ai	7	5	error
attack-ai	7	6	no_execution
attack-ai	7	9	no_execution
attack-ai	7	10	no_execution
attack-ai	7	14	error
attack-ai	7	15	no_execution
attack-ai	8	15	no_execution
attack-ai	9	1	no_execution
attack-ai	9	2	no_execution
attack-ai	9	3	no_execution
attack-ai	9	4	no_execution
attack-ai	9	5	no_execution
attack-ai	9	7	no_execution
attack-ai	9	8	no_execution
attack-ai	9	9	no_execution
attack-ai	9	10	error
attack-ai	9	11	no_execution
attack-ai	9	12	no_execution
attack-ai	9	13	no_execution
attack-ai	9	14	no_execution
attack-ai	9	15	no_execution
attack-ai	10	1	no_execution
attack-ai	10	3	no_execution
attack-ai	10	4	no_execution
attack-ai	10	5	no_execution
attack-ai	10	6	no_execution
attack-ai	10	8	no_execution
attack-ai	10	10	fail
attack-ai	10	13	no_execution
attack-ai	10	14	fail
attack-ai	10	15	no_execution
attack-ai	11	2	no_execution
attack-ai	11	3	no_execution
attack-ai	11	4	no_execution
attack-ai	11	5	no_execution
attack-ai	11	6	no_execution
attack-ai	11	7	no_execution
attack-ai	11	8	no_execution
attack-ai	11	10	no_execution
attack-ai	11	12	no_execution
attack-ai	11	13	no_execution
attack-ai	11	14	no_execution
attack-ai	11	15	no_execution
attack-ai	12	2	no_execution
attack-ai	12	3	no_execution
attack-ai	12	4	no_execution
attack-ai	12	5	no_execution
attack-ai	12	6	no_execution
attack-ai	12	7	no_execution
attack-ai	12	8	no_execution
attack-ai	12	9	no_execution
attack-ai	12	10	no_execution
attack-ai	12	11	no_execution
attack-ai	12	12	no_execution
attack-ai	12	13	no_execution
attack-ai	12	14	error
attack-ai	12	15	no_execution
attack-ai	13	2	qa_fallback
attack-ai	13	4	fail
attack-ai	13	5	no_execution
attack-ai	13	11	fail
attack-ai	13	12	fail
attack-ai	13	14	no_execution
attack-ai	13	15	no_execution
attack-ai	14	2	no_execution
attack-ai	14	3	fail
attack-ai	14	5	error
attack-ai	14	6	error
attack-ai	14	7	no_execution
attack-ai	14	8	no_execution
attack-ai	14	10	no_execution
attack-ai	14	11	no_execution
attack-ai	14	12	fail
attack-ai	14	13	no_execution
attack-ai	14	15	no_execution
attack-ai	15	1	no_execution
attack-ai	15	2	no_execution
attack-ai	15	3	no_execution
attack-ai	15	4	no_execution
attack-ai	15	5	no_execution
attack-ai	15	6	no_execution
attack-ai	15	8	no_execution
attack-ai	15	9	error
attack-ai	15	11	fail
attack-ai	15	15	no_execution
attack-adv-ai	1	4	no_execution
attack-adv-ai	1	5	no_execution
attack-adv-ai	1	6	no_execution
attack-adv-ai	1	7	no_execution
attack-adv-ai	1	8	no_execution
attack-adv-ai	1	9	no_execution
attack-adv-ai	1	11	no_execution
attack-adv-ai	1	12	no_execution
attack-adv-ai	1	13	no_execution
attack-adv-ai	1	14	no_execution
attack-adv-ai	2	2	no_execution
attack-adv-ai	2	3	no_execution
attack-adv-ai	2	4	no_execution
attack-adv-ai	2	12	no_execution
attack-adv-ai	2	14	no_execution
attack-adv-ai	2	15	no_execution
attack-adv-ai	3	8	no_execution
attack-adv-ai	3	10	no_execution
attack-adv-ai	3	11	no_execution
attack-adv-ai	3	13	no_execution
attack-adv-ai	3	15	no_execution
attack-adv-ai	4	2	no_execution
attack-adv-ai	4	5	no_execution
attack-adv-ai	4	6	no_execution
attack-adv-ai	4	7	no_execution
attack-adv-ai	4	8	no_execution
attack-adv-ai	4	10	no_execution
attack-adv-ai	4	11	no_execution
attack-adv-ai	4	12	no_execution
attack-adv-ai	4	13	no_execution
attack-adv-ai	4	15	no_execution
attack-adv-ai	5	1	no_execution
attack-adv-ai	5	2	no_execution
attack-adv-ai	5	4	no_execution
attack-adv-ai	5	5	no_execution
attack-adv-ai	5	6	no_execution
attack-adv-ai	5	7	no_execution
attack-adv-ai	5	8	error
attack-adv-ai	5	9	error
attack-adv-ai	5	10	no_execution
attack-adv-ai	5	11	no_execution
attack-adv-ai	5	12	no_execution
attack-adv-ai	5	14	no_execution
attack-adv-ai	5	15	no_execution
attack-adv-ai	6	4	no_execution
attack-adv-ai	6	7	no_execution
attack-adv-ai	6	9	error
attack-adv-ai	6	10	no_execution
attack-adv-ai	6	11	no_execution
attack-adv-ai	6	12	no_execution
attack-adv-ai	6	14	fail
attack-adv-ai	7	1	no_execution
attack-adv-ai	7	2	no_execution
attack-adv-ai	7	3	no_execution
attack-adv-ai	7	5	error
attack-adv-ai	7	6	error
attack-adv-ai	7	7	error
attack-adv-ai	7	8	fail
attack-adv-ai	7	10	no_execution
attack-adv-ai	7	12	no_execution
attack-adv-ai	7	13	fail
attack-adv-ai	7	14	no_execution
attack-adv-ai	8	2	no_execution
attack-adv-ai	8	6	no_execution
attack-adv-ai	8	7	no_execution
attack-adv-ai	8	8	no_execution
attack-adv-ai	8	9	no_execution
attack-adv-ai	8	11	no_execution
attack-adv-ai	8	13	no_execution
attack-adv-ai	9	1	no_execution
attack-adv-ai	9	2	no_execution
attack-adv-ai	9	3	no_execution
attack-adv-ai	9	4	error
attack-adv-ai	9	6	no_execution
attack-adv-ai	9	11	error
attack-adv-ai	9	12	no_execution
attack-adv-ai	9	13	no_execution
attack-adv-ai	9	14	no_execution
attack-adv-ai	10	1	no_execution
attack-adv-ai	10	2	no_execution
attack-adv-ai	10	3	no_execution
attack-adv-ai	10	14	fail
attack-adv-ai	11	12	fail
attack-adv-ai	14	12	fail
attack-adv-ai	14	13	fail
secops-ai	5	6	error
secops-ai	5	8	error
secops-ai	5	9	error
secops-ai	7	6	error
secops-ai	7	7	error
secops-ai	8	8	error
secops-ai	15	5	error
web-vuln-ai	1	3	error
web-vuln-ai	1	8	error
web-vuln-ai	1	9	error
web-vuln-ai	1	10	error
web-vuln-ai	1	13	error
web-vuln-ai	1	14	error
web-vuln-ai	2	1	fail
web-vuln-ai	2	2	error
web-vuln-ai	2	3	error
web-vuln-ai	2	4	error
web-vuln-ai	2	5	error
web-vuln-ai	2	6	error
web-vuln-ai	2	7	error
web-vuln-ai	2	8	error
web-vuln-ai	2	11	fail
web-vuln-ai	2	14	fail
web-vuln-ai	2	15	error
web-vuln-ai	3	1	error
web-vuln-ai	3	2	error
web-vuln-ai	3	3	error
web-vuln-ai	3	4	error
web-vuln-ai	3	5	error
web-vuln-ai	3	6	error
web-vuln-ai	3	8	error
web-vuln-ai	3	9	error
web-vuln-ai	3	10	error
web-vuln-ai	3	11	error
web-vuln-ai	3	12	error
web-vuln-ai	3	14	error
web-vuln-ai	3	15	error
web-vuln-ai	4	1	error
web-vuln-ai	4	2	error
web-vuln-ai	4	3	error
web-vuln-ai	4	4	error
web-vuln-ai	4	6	error
web-vuln-ai	4	7	error
web-vuln-ai	4	9	error
web-vuln-ai	4	10	error
web-vuln-ai	4	13	error
web-vuln-ai	4	15	error
web-vuln-ai	5	1	fail
web-vuln-ai	5	4	fail
web-vuln-ai	5	6	fail
web-vuln-ai	5	7	fail
web-vuln-ai	5	8	error
web-vuln-ai	5	10	fail
web-vuln-ai	5	11	fail
web-vuln-ai	5	14	fail
web-vuln-ai	5	15	fail
web-vuln-ai	6	3	fail
web-vuln-ai	6	4	fail
web-vuln-ai	6	5	fail
web-vuln-ai	6	6	fail
web-vuln-ai	6	7	fail
web-vuln-ai	6	8	fail
web-vuln-ai	6	9	fail
web-vuln-ai	6	10	fail
web-vuln-ai	6	11	fail
web-vuln-ai	6	12	fail
web-vuln-ai	6	15	fail
web-vuln-ai	7	1	fail
web-vuln-ai	7	2	fail
web-vuln-ai	7	3	fail
web-vuln-ai	7	4	fail
web-vuln-ai	7	7	fail
web-vuln-ai	7	8	fail
web-vuln-ai	7	11	fail
web-vuln-ai	7	15	fail
web-vuln-ai	8	1	fail
web-vuln-ai	8	2	error
web-vuln-ai	8	3	fail
web-vuln-ai	8	4	fail
web-vuln-ai	8	5	fail
web-vuln-ai	8	6	error
web-vuln-ai	8	7	fail
web-vuln-ai	8	8	fail
web-vuln-ai	8	10	fail
web-vuln-ai	9	2	fail
web-vuln-ai	9	3	fail
web-vuln-ai	9	4	fail
web-vuln-ai	9	5	error
web-vuln-ai	9	6	fail
web-vuln-ai	9	7	error
web-vuln-ai	9	8	error
web-vuln-ai	10	1	error
web-vuln-ai	10	2	error
web-vuln-ai	10	3	error
web-vuln-ai	10	4	error
web-vuln-ai	10	5	error
web-vuln-ai	10	6	error
web-vuln-ai	10	7	error
web-vuln-ai	10	8	error
web-vuln-ai	10	9	error
web-vuln-ai	11	1	error
web-vuln-ai	11	3	error
web-vuln-ai	11	4	error
web-vuln-ai	11	5	error
web-vuln-ai	11	6	error
web-vuln-ai	11	7	error
web-vuln-ai	12	1	error
web-vuln-ai	12	3	error
web-vuln-ai	12	4	error
web-vuln-ai	12	5	error
web-vuln-ai	12	6	error
web-vuln-ai	12	7	error
web-vuln-ai	12	8	error
web-vuln-ai	12	9	error
web-vuln-ai	12	10	error
web-vuln-ai	13	1	error
web-vuln-ai	13	2	error
web-vuln-ai	13	3	error
web-vuln-ai	13	5	error
web-vuln-ai	13	6	error
web-vuln-ai	13	7	error
web-vuln-ai	13	8	error
web-vuln-ai	13	9	error
web-vuln-ai	14	3	error
web-vuln-ai	14	4	error
web-vuln-ai	14	5	error
web-vuln-ai	14	6	error
web-vuln-ai	14	7	error
web-vuln-ai	14	8	error
web-vuln-ai	14	9	error
web-vuln-ai	14	10	error
web-vuln-ai	15	2	error
web-vuln-ai	15	3	error
web-vuln-ai	15	4	error
web-vuln-ai	15	5	error
web-vuln-ai	15	6	error
web-vuln-ai	15	7	error
web-vuln-ai	15	8	error
web-vuln-ai	15	9	fail
web-vuln-ai	15	10	error
compliance-ai	1	10	fail
compliance-ai	2	9	fail
compliance-ai	3	8	fail
compliance-ai	3	9	fail
compliance-ai	4	9	fail
compliance-ai	5	2	fail
compliance-ai	5	3	fail
compliance-ai	5	8	fail
compliance-ai	5	9	fail
compliance-ai	6	2	fail
compliance-ai	6	3	fail
compliance-ai	6	7	fail
compliance-ai	6	8	fail
compliance-ai	6	9	fail
compliance-ai	7	8	fail
compliance-ai	7	9	fail
compliance-ai	9	2	fail
compliance-ai	9	3	fail
compliance-ai	9	4	fail
compliance-ai	9	5	fail
compliance-ai	9	7	fail
compliance-ai	9	8	fail
compliance-ai	10	3	fail
compliance-ai	10	5	fail
compliance-ai	10	7	fail
compliance-ai	10	8	qa_fallback
compliance-ai	10	9	fail
compliance-ai	11	6	fail
compliance-ai	11	7	fail
compliance-ai	11	8	no_execution
compliance-ai	12	2	fail
compliance-ai	12	3	fail
compliance-ai	12	8	fail
compliance-ai	13	7	fail
compliance-ai	13	8	fail
compliance-ai	14	4	fail
compliance-ai	14	5	fail
compliance-ai	14	6	fail
compliance-ai	14	7	fail
compliance-ai	14	8	fail
compliance-ai	15	1	fail
compliance-ai	15	2	fail
compliance-ai	15	4	fail
compliance-ai	15	6	fail
compliance-ai	15	7	fail
compliance-ai	15	8	fail
soc-ai	1	5	error
battle-ai	1	2	no_execution
battle-ai	1	7	no_execution
battle-ai	1	10	no_execution
battle-ai	2	5	no_execution
battle-ai	2	6	no_execution
battle-ai	2	9	no_execution
battle-ai	2	10	no_execution
battle-ai	3	1	no_execution
battle-ai	3	2	no_execution
battle-ai	3	3	no_execution
battle-ai	3	4	no_execution
battle-ai	3	5	no_execution
battle-ai	3	6	no_execution
battle-ai	3	9	no_execution
battle-ai	4	2	no_execution
battle-ai	4	3	no_execution
battle-ai	4	4	no_execution
battle-ai	4	5	no_execution
battle-ai	4	8	no_execution
battle-ai	4	10	no_execution
battle-ai	6	5	no_execution
battle-ai	6	7	no_execution
battle-ai	6	10	no_execution
battle-ai	7	2	no_execution
battle-ai	7	4	no_execution
battle-ai	7	7	no_execution
battle-ai	7	8	no_execution
battle-ai	7	9	no_execution
battle-ai	7	10	no_execution
battle-ai	8	7	no_execution
battle-ai	8	9	fail
battle-ai	8	10	fail
battle-ai	9	3	no_execution
battle-ai	9	7	no_execution
battle-ai	10	1	no_execution
battle-ai	10	2	no_execution
battle-ai	10	3	no_execution
battle-ai	10	6	fail
battle-ai	10	7	fail
battle-ai	10	8	no_execution
battle-ai	10	10	no_execution
battle-ai	11	2	no_execution
battle-ai	11	3	no_execution
battle-ai	11	5	error
battle-ai	11	6	no_execution
battle-ai	11	10	no_execution
battle-ai	12	1	no_execution
battle-ai	12	2	no_execution
battle-ai	12	5	no_execution
battle-ai	12	6	no_execution
battle-ai	12	7	no_execution
battle-ai	12	8	no_execution
battle-ai	13	1	no_execution
battle-ai	13	3	no_execution
battle-ai	13	4	fail
battle-ai	13	5	no_execution
battle-ai	13	6	no_execution
battle-ai	13	8	no_execution
battle-ai	13	9	no_execution
battle-ai	14	1	no_execution
battle-ai	14	2	no_execution
battle-ai	14	3	no_execution
battle-ai	14	4	no_execution
battle-ai	14	5	no_execution
battle-ai	14	6	no_execution
battle-ai	14	9	no_execution
battle-ai	14	10	no_execution
battle-ai	15	1	no_execution
battle-ai	15	6	no_execution
battle-ai	15	7	no_execution
battle-ai	15	9	fail
battle-ai	15	10	fail
battle-adv-ai	1	1	no_execution
battle-adv-ai	1	2	no_execution
battle-adv-ai	1	3	fail
battle-adv-ai	1	4	no_execution
battle-adv-ai	1	5	no_execution
battle-adv-ai	1	6	no_execution
battle-adv-ai	1	7	no_execution
battle-adv-ai	1	9	no_execution
battle-adv-ai	1	10	no_execution
battle-adv-ai	2	2	no_execution
battle-adv-ai	2	3	error
battle-adv-ai	2	4	no_execution
battle-adv-ai	3	2	error
battle-adv-ai	3	3	error
battle-adv-ai	3	4	no_execution
battle-adv-ai	3	7	no_execution
battle-adv-ai	3	9	fail
battle-adv-ai	4	1	no_execution
battle-adv-ai	4	2	error
battle-adv-ai	4	3	no_execution
battle-adv-ai	5	1	no_execution
battle-adv-ai	5	2	no_execution
battle-adv-ai	5	3	error
battle-adv-ai	5	4	no_execution
battle-adv-ai	5	8	qa_fallback
battle-adv-ai	6	5	no_execution
battle-adv-ai	6	6	no_execution
battle-adv-ai	6	7	no_execution
battle-adv-ai	6	8	fail
battle-adv-ai	7	2	no_execution
battle-adv-ai	7	3	no_execution
battle-adv-ai	7	4	no_execution
battle-adv-ai	7	5	no_execution
battle-adv-ai	7	7	fail
battle-adv-ai	7	8	fail
battle-adv-ai	8	1	no_execution
battle-adv-ai	8	2	no_execution
battle-adv-ai	9	6	no_execution
battle-adv-ai	9	8	fail
battle-adv-ai	10	2	no_execution
battle-adv-ai	10	3	no_execution
battle-adv-ai	10	4	no_execution
battle-adv-ai	10	7	no_execution
battle-adv-ai	10	8	no_execution
battle-adv-ai	11	2	no_execution
battle-adv-ai	11	3	no_execution
battle-adv-ai	11	4	no_execution
battle-adv-ai	11	8	fail
battle-adv-ai	12	1	no_execution
battle-adv-ai	12	2	no_execution
battle-adv-ai	12	8	qa_fallback
battle-adv-ai	13	1	fail
battle-adv-ai	13	2	no_execution
battle-adv-ai	13	3	no_execution
battle-adv-ai	13	4	fail
battle-adv-ai	13	5	no_execution
battle-adv-ai	13	7	fail
battle-adv-ai	14	1	no_execution
battle-adv-ai	14	2	no_execution
battle-adv-ai	14	3	error
battle-adv-ai	14	4	no_execution
battle-adv-ai	14	7	no_execution
battle-adv-ai	15	2	no_execution
battle-adv-ai	15	3	error
battle-adv-ai	15	4	no_execution
battle-adv-ai	15	6	no_execution
battle-adv-ai	15	8	no_execution
battle-adv-ai	15	10	qa_fallback
physical-pentest-ai	1	5	error
physical-pentest-ai	2	1	error
physical-pentest-ai	2	3	error
physical-pentest-ai	2	6	error
physical-pentest-ai	2	7	error
physical-pentest-ai	2	9	error
physical-pentest-ai	3	2	error
physical-pentest-ai	3	3	error
physical-pentest-ai	3	4	error
physical-pentest-ai	3	7	error
physical-pentest-ai	3	8	error
physical-pentest-ai	4	3	error
physical-pentest-ai	4	5	error
physical-pentest-ai	4	7	error
physical-pentest-ai	4	8	error
physical-pentest-ai	5	1	fail
physical-pentest-ai	5	4	error
physical-pentest-ai	5	5	fail
physical-pentest-ai	5	6	fail
physical-pentest-ai	5	7	fail
physical-pentest-ai	5	9	fail
physical-pentest-ai	6	1	error
physical-pentest-ai	6	2	fail
physical-pentest-ai	6	7	fail
physical-pentest-ai	7	1	error
physical-pentest-ai	7	3	error
physical-pentest-ai	8	3	fail
physical-pentest-ai	8	4	fail
physical-pentest-ai	9	1	fail
physical-pentest-ai	9	2	error
physical-pentest-ai	9	3	error
physical-pentest-ai	9	5	error
physical-pentest-ai	9	7	fail
physical-pentest-ai	9	8	error
physical-pentest-ai	10	2	error
physical-pentest-ai	10	3	error
physical-pentest-ai	10	5	error
physical-pentest-ai	10	6	error
physical-pentest-ai	10	7	error
physical-pentest-ai	10	8	error
physical-pentest-ai	11	3	error
physical-pentest-ai	11	4	error
physical-pentest-ai	11	6	error
physical-pentest-ai	12	1	error
physical-pentest-ai	12	3	error
physical-pentest-ai	12	4	error
physical-pentest-ai	12	5	error
physical-pentest-ai	12	6	error
physical-pentest-ai	12	8	error
physical-pentest-ai	13	3	error
physical-pentest-ai	13	4	error
physical-pentest-ai	13	6	error
physical-pentest-ai	13	7	error
physical-pentest-ai	13	8	error
physical-pentest-ai	14	2	error
physical-pentest-ai	14	3	error
physical-pentest-ai	14	4	error
physical-pentest-ai	14	5	error
physical-pentest-ai	15	1	error
physical-pentest-ai	15	2	error
physical-pentest-ai	15	4	error
physical-pentest-ai	15	5	error
physical-pentest-ai	15	6	error
physical-pentest-ai	15	7	error
physical-pentest-ai	15	8	error
physical-pentest-ai	15	9	error
physical-pentest-ai	15	10	error
autonomous-systems-ai	2	4	fail
autonomous-systems-ai	2	8	fail
autonomous-systems-ai	3	1	fail
autonomous-systems-ai	3	2	fail
autonomous-systems-ai	3	3	fail
autonomous-systems-ai	3	4	fail
autonomous-systems-ai	3	5	fail
autonomous-systems-ai	3	8	fail
autonomous-systems-ai	4	4	fail
autonomous-systems-ai	4	8	fail
autonomous-systems-ai	5	2	fail
autonomous-systems-ai	5	3	fail
autonomous-systems-ai	6	2	fail
autonomous-systems-ai	6	5	qa_fallback
autonomous-systems-ai	6	7	fail
autonomous-systems-ai	7	2	fail
autonomous-systems-ai	7	3	fail
autonomous-systems-ai	7	5	fail
autonomous-systems-ai	7	8	fail
autonomous-systems-ai	8	1	fail
autonomous-systems-ai	8	3	fail
autonomous-systems-ai	8	4	fail
autonomous-systems-ai	9	6	qa_fallback
autonomous-systems-ai	9	8	fail
autonomous-systems-ai	10	3	fail
autonomous-systems-ai	10	4	fail
autonomous-systems-ai	10	8	fail
autonomous-systems-ai	11	4	fail
autonomous-systems-ai	11	5	fail
autonomous-systems-ai	11	6	fail
autonomous-systems-ai	12	3	fail
autonomous-systems-ai	12	4	qa_fallback
autonomous-systems-ai	12	7	fail
autonomous-systems-ai	13	2	fail
autonomous-systems-ai	14	3	qa_fallback
autonomous-systems-ai	15	1	fail
autonomous-systems-ai	15	3	fail
autonomous-systems-ai	15	4	qa_fallback
agent-ir-ai	2	4	error
agent-ir-ai	11	3	error
attack-adv-ai	10	4	no_execution
attack-adv-ai	10	5	no_execution
attack-adv-ai	10	7	no_execution
attack-adv-ai	10	8	no_execution
attack-adv-ai	10	9	no_execution
attack-adv-ai	10	11	no_execution
attack-adv-ai	10	12	no_execution
attack-adv-ai	10	15	no_execution
attack-adv-ai	11	1	no_execution
attack-adv-ai	11	2	no_execution
attack-adv-ai	11	3	no_execution
attack-adv-ai	11	5	no_execution
attack-adv-ai	11	7	no_execution
attack-adv-ai	11	9	no_execution
attack-adv-ai	11	11	no_execution
attack-adv-ai	11	13	no_execution
attack-adv-ai	11	14	no_execution
attack-adv-ai	12	2	no_execution
attack-adv-ai	12	4	no_execution
attack-adv-ai	12	5	no_execution
attack-adv-ai	12	8	no_execution
attack-adv-ai	12	11	no_execution
attack-adv-ai	13	1	no_execution
attack-adv-ai	13	2	no_execution
attack-adv-ai	13	3	no_execution
attack-adv-ai	13	4	no_execution
attack-adv-ai	13	6	no_execution
attack-adv-ai	14	1	no_execution
attack-adv-ai	14	6	no_execution
attack-adv-ai	14	9	no_execution
attack-adv-ai	14	10	no_execution
attack-adv-ai	15	8	no_execution
attack-adv-ai	15	13	no_execution
