attack-adv-ai	4	1	no_execution
attack-adv-ai	4	3	no_execution
attack-adv-ai	4	4	no_execution
attack-adv-ai	4	9	no_execution
compliance-ai	8	5	fail
compliance-ai	8	9	fail
soc-ai	1	1	error
soc-ai	1	4	error
soc-ai	1	7	error
soc-ai	1	10	error
soc-ai	2	3	fail
soc-ai	5	1	fail
soc-ai	6	3	fail
soc-ai	6	4	fail
soc-ai	7	3	fail
soc-ai	7	4	fail
soc-ai	11	2	error
soc-ai	11	3	error
soc-ai	11	4	error
soc-ai	11	8	error
soc-ai	12	3	error
soc-ai	12	5	error
soc-ai	12	7	error
soc-ai	13	4	error
soc-ai	13	5	error
soc-ai	13	6	error
soc-ai	13	7	error
soc-ai	13	9	error
soc-ai	14	2	error
soc-ai	14	4	error
soc-ai	14	7	error
soc-ai	14	9	error
soc-ai	14	10	error
soc-ai	15	2	error
soc-ai	15	5	fail
soc-ai	15	6	fail
soc-adv-ai	2	5	error
soc-adv-ai	2	8	error
soc-adv-ai	13	2	error
soc-adv-ai	13	3	error
soc-adv-ai	13	4	error
soc-adv-ai	13	5	error
soc-adv-ai	13	10	error
soc-adv-ai	15	5	error
soc-adv-ai	15	9	error
cloud-container-ai	2	8	fail
cloud-container-ai	4	7	error
cloud-container-ai	5	8	fail
cloud-container-ai	6	8	fail
cloud-container-ai	7	8	fail
cloud-container-ai	8	3	fail
cloud-container-ai	8	7	fail
cloud-container-ai	8	8	fail
cloud-container-ai	9	3	fail
cloud-container-ai	9	7	fail
cloud-container-ai	10	7	fail
cloud-container-ai	11	3	fail
cloud-container-ai	11	6	fail
cloud-container-ai	12	4	fail
cloud-container-ai	13	7	fail
cloud-container-ai	13	8	fail
cloud-container-ai	14	3	fail
cloud-container-ai	14	7	fail
cloud-container-ai	15	8	fail
ai-security-ai	1	1	error
ai-security-ai	1	2	error
ai-security-ai	1	5	qa_fallback
ai-security-ai	1	7	qa_fallback
ai-security-ai	1	9	qa_fallback
ai-security-ai	1	10	error
ai-security-ai	2	10	qa_fallback
ai-security-ai	3	3	fail
ai-security-ai	3	4	fail
ai-security-ai	3	5	fail
ai-security-ai	3	9	fail
ai-security-ai	4	1	fail
ai-security-ai	4	2	fail
ai-security-ai	4	5	fail
ai-security-ai	4	7	fail
ai-security-ai	4	9	fail
ai-security-ai	5	3	fail
ai-security-ai	5	4	fail
ai-security-ai	5	5	fail
ai-security-ai	5	10	fail
ai-security-ai	6	1	fail
ai-security-ai	6	2	fail
ai-security-ai	6	4	fail
ai-security-ai	6	5	fail
ai-security-ai	6	10	fail
ai-security-ai	7	1	qa_fallback
ai-security-ai	7	6	fail
ai-security-ai	7	8	fail
ai-security-ai	8	5	fail
ai-security-ai	8	7	fail
ai-security-ai	8	10	fail
ai-security-ai	9	2	fail
ai-security-ai	9	3	qa_fallback
ai-security-ai	9	4	fail
ai-security-ai	9	5	fail
ai-security-ai	9	8	fail
ai-security-ai	10	1	error
ai-security-ai	10	2	error
ai-security-ai	10	3	error
ai-security-ai	10	4	error
ai-security-ai	10	5	error
ai-security-ai	10	8	error
ai-security-ai	11	2	error
ai-security-ai	11	4	error
ai-security-ai	11	5	error
ai-security-ai	11	6	error
ai-security-ai	11	7	error
ai-security-ai	11	8	error
ai-security-ai	12	1	error
ai-security-ai	12	2	error
ai-security-ai	12	3	error
ai-security-ai	12	4	error
ai-security-ai	12	5	error
ai-security-ai	12	6	error
ai-security-ai	12	8	error
ai-security-ai	13	4	fail
ai-security-ai	13	6	fail
ai-security-ai	14	1	fail
ai-security-ai	14	2	fail
ai-security-ai	14	4	fail
ai-security-ai	14	5	fail
ai-security-ai	14	6	fail
ai-security-ai	14	7	qa_fallback
ai-security-ai	15	4	fail
ai-security-ai	15	5	fail
ai-security-ai	15	7	fail
ai-safety-ai	1	4	error
ai-safety-ai	2	1	fail
ai-safety-ai	2	5	error
ai-safety-ai	3	6	error
ai-safety-ai	4	3	error
ai-safety-ai	4	5	error
ai-safety-ai	4	6	error
ai-safety-ai	7	5	error
ai-safety-ai	7	8	error
ai-safety-ai	8	4	error
ai-safety-ai	8	8	error
ai-safety-ai	9	4	error
ai-safety-ai	10	4	error
ai-safety-ai	10	5	error
ai-safety-ai	10	8	error
ai-safety-ai	12	4	error
ai-safety-ai	12	5	error
ai-safety-ai	12	8	fail
ai-safety-ai	14	3	fail
ai-safety-ai	14	5	fail
ai-safety-ai	15	1	fail
ai-safety-ai	15	2	fail
ai-safety-ai	15	3	fail
ai-safety-ai	15	4	fail
ai-safety-adv-ai	1	2	error
ai-safety-adv-ai	1	3	error
ai-safety-adv-ai	1	4	error
ai-safety-adv-ai	1	6	error
ai-safety-adv-ai	1	8	no_execution
ai-safety-adv-ai	2	2	error
ai-safety-adv-ai	2	6	fail
ai-safety-adv-ai	2	8	error
ai-safety-adv-ai	3	3	error
ai-safety-adv-ai	3	4	error
ai-safety-adv-ai	3	6	error
ai-safety-adv-ai	4	3	error
ai-safety-adv-ai	4	4	error
ai-safety-adv-ai	4	5	error
ai-safety-adv-ai	4	6	error
ai-safety-adv-ai	4	8	error
ai-safety-adv-ai	5	3	error
ai-safety-adv-ai	5	6	error
ai-safety-adv-ai	5	8	error
ai-safety-adv-ai	6	2	error
ai-safety-adv-ai	6	3	error
ai-safety-adv-ai	6	4	error
ai-safety-adv-ai	6	5	error
ai-safety-adv-ai	6	6	error
ai-safety-adv-ai	7	3	error
ai-safety-adv-ai	7	4	error
ai-safety-adv-ai	7	6	error
ai-safety-adv-ai	7	8	error
ai-safety-adv-ai	8	2	fail
ai-safety-adv-ai	8	3	fail
ai-safety-adv-ai	8	4	error
ai-safety-adv-ai	8	5	error
ai-safety-adv-ai	8	8	error
ai-safety-adv-ai	9	3	error
ai-safety-adv-ai	9	4	error
ai-safety-adv-ai	9	6	error
ai-safety-adv-ai	9	8	error
ai-safety-adv-ai	10	2	error
ai-safety-adv-ai	10	4	error
ai-safety-adv-ai	10	5	error
ai-safety-adv-ai	10	6	error
ai-safety-adv-ai	10	7	error
ai-safety-adv-ai	10	8	error
ai-safety-adv-ai	11	3	error
ai-safety-adv-ai	11	4	error
ai-safety-adv-ai	11	7	error
ai-safety-adv-ai	11	8	error
ai-safety-adv-ai	12	2	error
ai-safety-adv-ai	12	4	error
ai-safety-adv-ai	12	7	error
ai-safety-adv-ai	12	8	error
ai-safety-adv-ai	13	2	error
ai-safety-adv-ai	13	3	error
ai-safety-adv-ai	13	4	error
ai-safety-adv-ai	13	5	error
ai-safety-adv-ai	13	6	error
ai-safety-adv-ai	13	7	error
ai-safety-adv-ai	13	8	error
ai-safety-adv-ai	14	3	error
ai-safety-adv-ai	14	4	error
ai-safety-adv-ai	14	5	error
ai-safety-adv-ai	14	6	error
ai-safety-adv-ai	14	8	error
ai-safety-adv-ai	15	1	error
ai-safety-adv-ai	15	3	error
ai-safety-adv-ai	15	4	error
ai-safety-adv-ai	15	6	error
ai-agent-ai	1	2	fail
ai-agent-ai	1	3	error
ai-agent-ai	1	4	error
ai-agent-ai	1	8	error
ai-agent-ai	2	1	fail
ai-agent-ai	2	3	error
ai-agent-ai	2	4	error
ai-agent-ai	2	5	error
ai-agent-ai	2	7	error
ai-agent-ai	3	4	error
ai-agent-ai	3	5	error
ai-agent-ai	3	7	error
ai-agent-ai	3	8	fail
ai-agent-ai	4	1	error
ai-agent-ai	4	4	error
ai-agent-ai	4	5	error
ai-agent-ai	4	8	no_execution
ai-agent-ai	5	1	fail
ai-agent-ai	5	7	error
ai-agent-ai	5	8	error
ai-agent-ai	6	1	fail
ai-agent-ai	6	7	error
ai-agent-ai	6	8	fail
ai-agent-ai	7	3	error
ai-agent-ai	7	4	error
ai-agent-ai	7	8	error
ai-agent-ai	8	2	error
ai-agent-ai	8	4	error
ai-agent-ai	9	1	fail
ai-agent-ai	9	3	fail
ai-agent-ai	9	4	error
ai-agent-ai	9	5	error
ai-agent-ai	9	8	error
ai-agent-ai	10	4	error
ai-agent-ai	10	5	error
ai-agent-ai	10	8	error
ai-agent-ai	11	3	error
ai-agent-ai	11	4	error
ai-agent-ai	11	8	error
ai-agent-ai	12	4	error
ai-agent-ai	13	1	fail
ai-agent-ai	13	3	error
ai-agent-ai	13	4	error
ai-agent-ai	13	6	fail
ai-agent-ai	13	8	error
ai-agent-ai	14	2	fail
ai-agent-ai	14	3	error
ai-agent-ai	14	4	error
ai-agent-ai	14	7	error
ai-agent-ai	14	8	error
ai-agent-ai	15	2	error
ai-agent-ai	15	3	error
ai-agent-ai	15	4	error
ai-agent-ai	15	5	error
ai-agent-ai	15	6	error
ai-agent-ai	15	7	error
battle-ai	1	9	no_execution
battle-ai	2	7	no_execution
battle-ai	3	7	no_execution
battle-ai	3	8	no_execution
battle-ai	3	10	no_execution
battle-ai	5	7	no_execution
battle-ai	5	10	no_execution
battle-ai	8	1	no_execution
battle-ai	8	2	no_execution
battle-ai	8	3	no_execution
battle-ai	8	5	no_execution
battle-ai	8	8	no_execution
battle-ai	9	1	no_execution
battle-ai	9	2	no_execution
battle-ai	9	8	no_execution
battle-ai	9	9	no_execution
battle-ai	10	9	no_execution
battle-ai	11	9	no_execution
battle-ai	12	3	no_execution
battle-ai	12	9	no_execution
battle-ai	13	7	no_execution
battle-ai	14	7	no_execution
battle-ai	14	8	no_execution
battle-adv-ai	2	7	no_execution
battle-adv-ai	7	6	no_execution
battle-adv-ai	9	1	no_execution
battle-adv-ai	9	3	fail
battle-adv-ai	9	4	fail
battle-adv-ai	9	7	no_execution
battle-adv-ai	10	5	no_execution
battle-adv-ai	11	5	no_execution
battle-adv-ai	12	7	no_execution
battle-adv-ai	13	6	no_execution
battle-adv-ai	14	5	fail
battle-adv-ai	15	7	no_execution
autonomous-ai	1	5	fail
autonomous-ai	1	7	fail
autonomous-ai	1	8	fail
autonomous-ai	2	2	fail
autonomous-ai	2	5	fail
autonomous-ai	2	7	fail
autonomous-ai	3	4	fail
autonomous-ai	3	6	fail
autonomous-ai	3	7	fail
autonomous-ai	3	8	qa_fallback
autonomous-ai	4	2	fail
autonomous-ai	4	4	no_execution
autonomous-ai	4	5	fail
autonomous-ai	4	6	fail
autonomous-ai	4	7	fail
autonomous-ai	4	8	fail
autonomous-ai	5	4	no_execution
autonomous-ai	5	5	fail
autonomous-ai	5	7	fail
autonomous-ai	5	8	fail
autonomous-ai	6	2	fail
autonomous-ai	6	5	fail
autonomous-ai	6	6	fail
autonomous-ai	6	7	fail
autonomous-ai	6	8	fail
autonomous-ai	7	4	no_execution
autonomous-ai	7	5	fail
autonomous-ai	7	7	fail
autonomous-ai	8	2	fail
autonomous-ai	8	5	fail
autonomous-ai	8	7	fail
autonomous-ai	8	8	fail
autonomous-ai	9	2	fail
autonomous-ai	9	4	no_execution
autonomous-ai	9	5	fail
autonomous-ai	9	6	fail
autonomous-ai	9	7	fail
autonomous-ai	10	3	fail
autonomous-ai	10	4	no_execution
autonomous-ai	10	8	fail
autonomous-ai	11	2	qa_fallback
autonomous-ai	11	4	no_execution
autonomous-ai	11	5	fail
autonomous-ai	11	7	fail
autonomous-ai	12	3	fail
autonomous-ai	12	5	fail
autonomous-ai	12	7	fail
autonomous-ai	12	8	fail
autonomous-ai	13	4	no_execution
autonomous-ai	13	5	fail
autonomous-ai	13	8	fail
autonomous-ai	14	4	fail
autonomous-ai	14	5	fail
autonomous-ai	14	8	qa_fallback
autonomous-ai	15	1	fail
autonomous-ai	15	4	fail
autonomous-ai	15	6	fail
autonomous-systems-ai	5	4	fail
autonomous-systems-ai	6	6	qa_fallback
agent-ir-ai	1	5	error
agent-ir-ai	1	9	error
agent-ir-ai	1	10	error
agent-ir-ai	1	11	error
agent-ir-ai	2	2	error
agent-ir-ai	2	3	error
agent-ir-ai	2	5	error
agent-ir-ai	2	7	error
agent-ir-ai	2	10	error
agent-ir-ai	2	11	error
agent-ir-ai	3	1	error
agent-ir-ai	3	2	error
agent-ir-ai	3	5	error
agent-ir-ai	3	7	fail
agent-ir-ai	3	10	error
agent-ir-ai	4	5	fail
agent-ir-ai	4	12	fail
agent-ir-ai	5	2	fail
agent-ir-ai	5	4	fail
agent-ir-ai	5	7	fail
agent-ir-ai	6	2	fail
agent-ir-ai	6	3	fail
agent-ir-ai	6	5	error
agent-ir-ai	7	3	error
agent-ir-ai	7	4	error
agent-ir-ai	7	5	error
agent-ir-ai	8	1	error
agent-ir-ai	8	2	error
agent-ir-ai	8	6	error
agent-ir-ai	8	8	error
agent-ir-ai	8	10	error
agent-ir-ai	8	11	error
agent-ir-ai	9	4	error
agent-ir-ai	10	2	fail
agent-ir-ai	10	3	error
agent-ir-ai	11	2	fail
agent-ir-ai	11	4	error
agent-ir-ai	11	9	error
agent-ir-ai	11	10	error
agent-ir-ai	12	1	error
agent-ir-ai	12	5	error
agent-ir-ai	12	6	error
agent-ir-ai	12	9	error
agent-ir-ai	12	10	error
agent-ir-ai	12	11	error
agent-ir-ai	13	6	error
agent-ir-ai	13	8	error
agent-ir-ai	13	10	error
agent-ir-ai	13	11	error
agent-ir-ai	14	2	error
agent-ir-ai	14	3	error
agent-ir-ai	14	4	error
agent-ir-ai	14	5	error
agent-ir-ai	14	6	error
agent-ir-ai	14	7	error
agent-ir-ai	14	8	error
agent-ir-ai	15	2	error
agent-ir-ai	15	3	error
agent-ir-ai	15	11	error
agent-ir-adv-ai	1	1	fail
agent-ir-adv-ai	1	2	fail
agent-ir-adv-ai	1	3	fail
agent-ir-adv-ai	2	1	error
agent-ir-adv-ai	2	2	error
agent-ir-adv-ai	2	4	error
agent-ir-adv-ai	2	5	error
agent-ir-adv-ai	2	6	error
agent-ir-adv-ai	2	7	error
agent-ir-adv-ai	2	9	error
agent-ir-adv-ai	3	2	error
agent-ir-adv-ai	3	7	error
agent-ir-adv-ai	3	8	error
agent-ir-adv-ai	4	1	error
agent-ir-adv-ai	4	5	error
agent-ir-adv-ai	4	6	error
agent-ir-adv-ai	5	1	error
agent-ir-adv-ai	5	2	error
agent-ir-adv-ai	5	7	error
agent-ir-adv-ai	5	10	error
agent-ir-adv-ai	6	2	fail
agent-ir-adv-ai	6	3	error
agent-ir-adv-ai	6	12	error
agent-ir-adv-ai	7	1	error
agent-ir-adv-ai	7	2	error
agent-ir-adv-ai	7	10	error
agent-ir-adv-ai	7	12	error
agent-ir-adv-ai	8	4	error
agent-ir-adv-ai	8	5	error
agent-ir-adv-ai	8	6	error
agent-ir-adv-ai	8	10	error
agent-ir-adv-ai	8	12	error
agent-ir-adv-ai	9	1	error
agent-ir-adv-ai	9	5	error
agent-ir-adv-ai	9	9	error
agent-ir-adv-ai	10	5	fail
agent-ir-adv-ai	10	6	fail
agent-ir-adv-ai	10	12	fail
agent-ir-adv-ai	11	1	fail
agent-ir-adv-ai	11	2	fail
agent-ir-adv-ai	11	5	fail
agent-ir-adv-ai	11	7	fail
agent-ir-adv-ai	11	11	fail
agent-ir-adv-ai	12	1	fail
agent-ir-adv-ai	12	2	fail
agent-ir-adv-ai	12	5	fail
agent-ir-adv-ai	12	7	fail
agent-ir-adv-ai	14	5	fail
agent-ir-adv-ai	15	1	fail
agent-ir-adv-ai	15	2	
agent-ir-adv-ai	15	6	fail
agent-ir-adv-ai	15	12	fail
attack-ai	w2	o10	no_execution
attack-ai	w2	o11	no_execution
attack-ai	w2	o12	no_execution
attack-ai	w3	o4	no_execution
attack-ai	w3	o5	no_execution
attack-ai	w3	o7	no_execution
attack-ai	w3	o9	no_execution
attack-ai	w3	o10	no_execution
attack-ai	w3	o12	no_execution
attack-ai	w3	o13	no_execution
attack-ai	w3	o15	no_execution
attack-ai	w4	o1	no_execution
attack-ai	w4	o3	no_execution
attack-ai	w4	o4	error
attack-ai	w4	o5	no_execution
attack-ai	w4	o6	no_execution
attack-ai	w4	o7	error
attack-ai	w4	o8	error
attack-ai	w4	o9	no_execution
attack-ai	w4	o10	error
attack-ai	w4	o11	error
attack-ai	w4	o12	no_execution
attack-ai	w4	o13	no_execution
attack-ai	w5	o2	error
attack-ai	w5	o3	no_execution
attack-ai	w5	o4	error
attack-ai	w5	o5	no_execution
attack-ai	w5	o6	no_execution
attack-ai	w5	o7	no_execution
attack-ai	w5	o8	error
attack-ai	w5	o10	no_execution
attack-ai	w5	o13	no_execution
attack-ai	w5	o14	no_execution
attack-ai	w5	o15	no_execution
attack-ai	w6	o4	no_execution
attack-ai	w6	o7	no_execution
attack-ai	w6	o8	no_execution
attack-ai	w6	o9	no_execution
attack-ai	w6	o15	no_execution
attack-ai	w7	o1	no_execution
attack-ai	w7	o3	no_execution
attack-ai	w7	o4	no_execution
attack-ai	w7	o5	error
attack-ai	w7	o6	no_execution
attack-ai	w7	o9	no_execution
attack-ai	w7	o10	no_execution
attack-ai	w7	o14	error
attack-ai	w7	o15	no_execution
attack-ai	w8	o15	no_execution
attack-ai	w9	o1	no_execution
attack-ai	w9	o2	no_execution
attack-ai	w9	o3	no_execution
attack-ai	w9	o4	no_execution
attack-ai	w9	o5	no_execution
attack-ai	w9	o7	no_execution
attack-ai	w9	o8	no_execution
attack-ai	w9	o9	no_execution
attack-ai	w9	o10	error
attack-ai	w9	o11	no_execution
attack-ai	w9	o14	no_execution
attack-ai	w9	o15	no_execution
attack-ai	w10	o1	no_execution
attack-ai	w10	o3	no_execution
attack-ai	w10	o4	no_execution
attack-ai	w10	o5	no_execution
attack-ai	w10	o6	no_execution
attack-ai	w10	o8	no_execution
attack-ai	w10	o10	fail
attack-ai	w10	o13	no_execution
attack-ai	w10	o14	fail
attack-ai	w10	o15	no_execution
attack-ai	w11	o2	no_execution
attack-ai	w11	o3	no_execution
attack-ai	w11	o4	no_execution
attack-ai	w11	o5	no_execution
attack-ai	w11	o6	no_execution
attack-ai	w11	o7	no_execution
attack-ai	w11	o8	no_execution
attack-ai	w11	o10	no_execution
attack-ai	w11	o12	no_execution
attack-ai	w11	o13	no_execution
attack-ai	w11	o14	no_execution
attack-ai	w11	o15	no_execution
attack-ai	w12	o2	no_execution
attack-ai	w12	o3	no_execution
attack-ai	w12	o4	no_execution
attack-ai	w12	o5	no_execution
attack-ai	w12	o6	no_execution
attack-ai	w12	o7	no_execution
attack-ai	w12	o8	no_execution
attack-ai	w12	o9	no_execution
attack-ai	w12	o10	no_execution
attack-ai	w12	o11	no_execution
