attack-ai	w1	o6	no_execution
attack-ai	w1	o8	no_execution
attack-ai	w1	o9	no_execution
attack-ai	w1	o11	no_execution
attack-ai	w1	o15	no_execution
attack-ai	w2	o7	no_execution
attack-ai	w2	o8	no_execution
attack-ai	w2	o10	error
attack-ai	w2	o11	error
attack-ai	w2	o12	error
attack-ai	w3	o4	error
attack-ai	w3	o5	error
attack-ai	w3	o7	error
attack-ai	w3	o9	error
attack-ai	w3	o10	error
attack-ai	w3	o12	error
attack-ai	w3	o13	error
attack-ai	w3	o15	error
attack-ai	w4	o1	error
attack-ai	w4	o3	error
attack-ai	w4	o4	error
attack-ai	w4	o5	error
attack-ai	w4	o6	error
attack-ai	w4	o7	error
attack-ai	w4	o8	error
attack-ai	w4	o9	error
attack-ai	w4	o10	error
attack-ai	w4	o11	error
attack-ai	w4	o12	error
attack-ai	w4	o13	error
attack-ai	w5	o2	error
attack-ai	w5	o3	error
attack-ai	w5	o4	error
attack-ai	w5	o5	error
attack-ai	w5	o6	error
attack-ai	w5	o7	error
attack-ai	w5	o8	error
attack-ai	w5	o10	error
attack-ai	w5	o13	error
attack-ai	w5	o14	error
attack-ai	w5	o15	error
attack-ai	w6	o4	error
attack-ai	w6	o7	error
attack-ai	w6	o8	error
attack-ai	w6	o9	error
attack-ai	w6	o15	error
attack-ai	w7	o1	error
attack-ai	w7	o3	error
attack-ai	w7	o4	error
attack-ai	w7	o5	error
attack-ai	w7	o6	error
attack-ai	w7	o9	error
attack-ai	w7	o10	error
attack-ai	w7	o14	error
attack-ai	w7	o15	error
attack-ai	w8	o15	error
attack-ai	w9	o1	error
attack-ai	w9	o2	error
attack-ai	w9	o3	error
attack-ai	w9	o4	error
attack-ai	w9	o5	error
attack-ai	w9	o7	error
attack-ai	w9	o8	error
attack-ai	w9	o9	error
attack-ai	w9	o10	error
attack-ai	w9	o11	error
attack-ai	w9	o12	no_execution
attack-ai	w9	o13	no_execution
attack-ai	w9	o14	error
attack-ai	w9	o15	error
attack-ai	w10	o1	error
attack-ai	w10	o3	error
attack-ai	w10	o4	error
attack-ai	w10	o5	error
attack-ai	w10	o6	error
attack-ai	w10	o8	error
attack-ai	w10	o10	error
attack-ai	w10	o13	error
attack-ai	w10	o14	error
attack-ai	w10	o15	error
attack-ai	w11	o2	error
attack-ai	w11	o3	error
attack-ai	w11	o4	error
attack-ai	w11	o5	error
attack-ai	w11	o6	error
attack-ai	w11	o7	error
attack-ai	w11	o8	error
attack-ai	w11	o10	error
attack-ai	w11	o12	error
attack-ai	w11	o13	error
attack-ai	w11	o14	error
attack-ai	w11	o15	error
attack-ai	w12	o2	error
attack-ai	w12	o3	error
attack-ai	w12	o4	error
attack-ai	w12	o5	error
attack-ai	w12	o6	error
attack-ai	w12	o7	error
attack-ai	w12	o8	error
attack-ai	w12	o9	error
attack-ai	w12	o10	error
attack-ai	w12	o11	error
attack-ai	w14	o2	error
attack-adv-ai	w8	o13	error
attack-adv-ai	w9	o3	no_execution
attack-adv-ai	w9	o4	no_execution
attack-adv-ai	w9	o6	no_execution
attack-adv-ai	w9	o11	no_execution
attack-adv-ai	w9	o12	error
attack-adv-ai	w9	o13	no_execution
attack-adv-ai	w9	o14	no_execution
attack-adv-ai	w10	o1	no_execution
attack-adv-ai	w10	o2	no_execution
attack-adv-ai	w10	o3	error
attack-adv-ai	w10	o4	no_execution
attack-adv-ai	w10	o5	no_execution
attack-adv-ai	w10	o7	no_execution
attack-adv-ai	w10	o8	no_execution
attack-adv-ai	w10	o9	no_execution
attack-adv-ai	w10	o11	no_execution
ai-security-ai	w1	o1	no_execution
ai-security-ai	w1	o2	no_execution
ai-security-ai	w1	o5	no_execution
ai-security-ai	w1	o7	no_execution
ai-security-ai	w1	o9	no_execution
ai-security-ai	w1	o10	no_execution
ai-security-ai	w2	o10	no_execution
ai-security-ai	w3	o3	no_execution
ai-security-ai	w3	o4	no_execution
ai-security-ai	w3	o5	no_execution
ai-security-ai	w3	o9	no_execution
ai-security-ai	w4	o1	no_execution
ai-security-ai	w4	o2	no_execution
ai-security-ai	w4	o5	no_execution
ai-security-ai	w4	o7	no_execution
ai-security-ai	w4	o9	no_execution
ai-security-ai	w5	o3	no_execution
ai-security-ai	w5	o4	no_execution
ai-security-ai	w5	o5	no_execution
ai-security-ai	w5	o10	no_execution
ai-security-ai	w6	o2	no_execution
ai-security-ai	w6	o4	no_execution
ai-security-ai	w6	o5	no_execution
ai-security-ai	w6	o10	no_execution
ai-security-ai	w7	o1	no_execution
ai-security-ai	w7	o6	no_execution
ai-security-ai	w8	o5	no_execution
ai-security-ai	w8	o7	no_execution
ai-security-ai	w8	o10	no_execution
ai-security-ai	w9	o2	no_execution
ai-security-ai	w9	o3	no_execution
ai-security-ai	w9	o4	no_execution
ai-security-ai	w9	o5	no_execution
ai-security-ai	w9	o8	no_execution
ai-security-ai	w10	o2	no_execution
ai-security-ai	w10	o3	no_execution
ai-security-ai	w10	o4	no_execution
ai-security-ai	w10	o8	no_execution
ai-security-ai	w11	o2	no_execution
ai-security-ai	w11	o5	no_execution
ai-security-ai	w11	o6	no_execution
ai-security-ai	w11	o7	no_execution
ai-security-ai	w11	o8	no_execution
ai-security-ai	w12	o1	no_execution
ai-security-ai	w12	o2	no_execution
ai-security-ai	w12	o3	no_execution
ai-security-ai	w12	o4	no_execution
ai-security-ai	w12	o5	no_execution
ai-security-ai	w12	o6	no_execution
ai-security-ai	w12	o8	no_execution
ai-security-ai	w13	o4	no_execution
ai-security-ai	w13	o6	no_execution
ai-security-ai	w14	o1	no_execution
ai-security-ai	w14	o2	no_execution
ai-security-ai	w14	o4	no_execution
ai-security-ai	w14	o6	no_execution
ai-security-ai	w15	o4	no_execution
ai-security-ai	w15	o5	no_execution
ai-security-ai	w15	o7	no_execution
battle-ai	w1	o9	no_execution
battle-ai	w2	o7	no_execution
battle-ai	w3	o7	no_execution
battle-ai	w3	o8	no_execution
battle-ai	w3	o10	no_execution
battle-ai	w5	o7	no_execution
battle-ai	w5	o10	no_execution
battle-ai	w8	o1	no_execution
battle-ai	w8	o2	no_execution
battle-ai	w8	o3	no_execution
battle-ai	w8	o5	no_execution
battle-ai	w8	o8	no_execution
battle-ai	w9	o8	no_execution
battle-ai	w9	o9	no_execution
battle-ai	w10	o9	error
autonomous-ai	w9	o6	error
