web-vuln-ai	w01	o3
web-vuln-ai	w01	o8
web-vuln-ai	w01	o9
web-vuln-ai	w01	o10
web-vuln-ai	w01	o13
web-vuln-ai	w01	o14
web-vuln-ai	w02	o1
web-vuln-ai	w02	o2
web-vuln-ai	w02	o3
web-vuln-ai	w02	o4
web-vuln-ai	w02	o5
web-vuln-ai	w02	o6
web-vuln-ai	w02	o7
web-vuln-ai	w02	o8
web-vuln-ai	w02	o11
web-vuln-ai	w02	o14
web-vuln-ai	w02	o15
web-vuln-ai	w03	o1
web-vuln-ai	w03	o2
web-vuln-ai	w03	o3
web-vuln-ai	w03	o4
web-vuln-ai	w03	o5
web-vuln-ai	w03	o6
web-vuln-ai	w03	o8
web-vuln-ai	w03	o9
web-vuln-ai	w03	o10
web-vuln-ai	w03	o11
web-vuln-ai	w03	o12
web-vuln-ai	w03	o14
web-vuln-ai	w03	o15
web-vuln-ai	w04	o1
web-vuln-ai	w04	o2
web-vuln-ai	w04	o3
web-vuln-ai	w04	o4
web-vuln-ai	w04	o6
web-vuln-ai	w04	o7
web-vuln-ai	w04	o9
web-vuln-ai	w04	o10
web-vuln-ai	w04	o13
web-vuln-ai	w04	o15
web-vuln-ai	w05	o1
web-vuln-ai	w05	o4
web-vuln-ai	w05	o6
web-vuln-ai	w05	o7
web-vuln-ai	w05	o8
web-vuln-ai	w05	o10
web-vuln-ai	w05	o11
web-vuln-ai	w05	o14
web-vuln-ai	w05	o15
web-vuln-ai	w06	o3
web-vuln-ai	w06	o4
web-vuln-ai	w06	o5
web-vuln-ai	w06	o6
web-vuln-ai	w06	o7
web-vuln-ai	w06	o8
web-vuln-ai	w06	o9
web-vuln-ai	w06	o10
web-vuln-ai	w06	o11
web-vuln-ai	w06	o12
web-vuln-ai	w06	o15
web-vuln-ai	w07	o1
web-vuln-ai	w07	o2
web-vuln-ai	w07	o3
web-vuln-ai	w07	o4
web-vuln-ai	w07	o7
web-vuln-ai	w07	o8
web-vuln-ai	w07	o11
web-vuln-ai	w07	o15
web-vuln-ai	w08	o1
web-vuln-ai	w08	o2
web-vuln-ai	w08	o3
web-vuln-ai	w08	o4
web-vuln-ai	w08	o5
web-vuln-ai	w08	o6
web-vuln-ai	w08	o7
web-vuln-ai	w08	o8
web-vuln-ai	w08	o10
web-vuln-ai	w09	o2
web-vuln-ai	w09	o3
web-vuln-ai	w09	o4
web-vuln-ai	w09	o5
web-vuln-ai	w09	o6
web-vuln-ai	w09	o7
web-vuln-ai	w09	o8
web-vuln-ai	w10	o1
web-vuln-ai	w10	o2
web-vuln-ai	w10	o3
web-vuln-ai	w10	o4
web-vuln-ai	w10	o5
web-vuln-ai	w10	o6
web-vuln-ai	w10	o7
web-vuln-ai	w10	o8
web-vuln-ai	w10	o9
web-vuln-ai	w11	o1
web-vuln-ai	w11	o3
web-vuln-ai	w11	o4
web-vuln-ai	w11	o5
web-vuln-ai	w11	o6
web-vuln-ai	w11	o7
web-vuln-ai	w12	o1
web-vuln-ai	w12	o3
web-vuln-ai	w12	o4
web-vuln-ai	w12	o5
web-vuln-ai	w12	o6
web-vuln-ai	w12	o7
web-vuln-ai	w12	o8
web-vuln-ai	w12	o9
web-vuln-ai	w12	o10
web-vuln-ai	w13	o1
web-vuln-ai	w13	o2
web-vuln-ai	w13	o3
web-vuln-ai	w13	o5
web-vuln-ai	w13	o6
web-vuln-ai	w13	o7
web-vuln-ai	w13	o8
web-vuln-ai	w13	o9
web-vuln-ai	w14	o3
web-vuln-ai	w14	o4
web-vuln-ai	w14	o5
web-vuln-ai	w14	o6
web-vuln-ai	w14	o7
web-vuln-ai	w14	o8
web-vuln-ai	w14	o9
web-vuln-ai	w14	o10
web-vuln-ai	w15	o2
web-vuln-ai	w15	o3
web-vuln-ai	w15	o4
web-vuln-ai	w15	o5
web-vuln-ai	w15	o6
web-vuln-ai	w15	o7
web-vuln-ai	w15	o8
web-vuln-ai	w15	o9
web-vuln-ai	w15	o10
physical-pentest-ai	w01	o5
physical-pentest-ai	w02	o1
physical-pentest-ai	w02	o3
physical-pentest-ai	w02	o6
physical-pentest-ai	w02	o7
physical-pentest-ai	w02	o9
physical-pentest-ai	w03	o2
physical-pentest-ai	w03	o3
physical-pentest-ai	w03	o4
physical-pentest-ai	w03	o7
physical-pentest-ai	w03	o8
physical-pentest-ai	w04	o3
physical-pentest-ai	w04	o5
physical-pentest-ai	w04	o7
physical-pentest-ai	w04	o8
physical-pentest-ai	w05	o1
physical-pentest-ai	w05	o4
physical-pentest-ai	w05	o5
physical-pentest-ai	w05	o6
physical-pentest-ai	w05	o7
physical-pentest-ai	w05	o9
physical-pentest-ai	w06	o1
physical-pentest-ai	w06	o2
physical-pentest-ai	w06	o7
physical-pentest-ai	w07	o1
physical-pentest-ai	w07	o3
physical-pentest-ai	w08	o3
physical-pentest-ai	w08	o4
physical-pentest-ai	w09	o1
physical-pentest-ai	w09	o2
physical-pentest-ai	w09	o3
physical-pentest-ai	w09	o5
physical-pentest-ai	w09	o7
physical-pentest-ai	w09	o8
physical-pentest-ai	w10	o2
physical-pentest-ai	w10	o3
physical-pentest-ai	w10	o5
physical-pentest-ai	w10	o6
physical-pentest-ai	w10	o7
physical-pentest-ai	w10	o8
physical-pentest-ai	w11	o3
physical-pentest-ai	w11	o4
physical-pentest-ai	w11	o6
physical-pentest-ai	w12	o1
physical-pentest-ai	w12	o3
physical-pentest-ai	w12	o4
physical-pentest-ai	w12	o5
physical-pentest-ai	w12	o6
physical-pentest-ai	w12	o8
physical-pentest-ai	w13	o3
physical-pentest-ai	w13	o4
physical-pentest-ai	w13	o6
physical-pentest-ai	w13	o7
physical-pentest-ai	w13	o8
physical-pentest-ai	w14	o2
physical-pentest-ai	w14	o3
physical-pentest-ai	w14	o4
physical-pentest-ai	w14	o5
physical-pentest-ai	w15	o1
physical-pentest-ai	w15	o2
physical-pentest-ai	w15	o4
physical-pentest-ai	w15	o5
physical-pentest-ai	w15	o6
physical-pentest-ai	w15	o7
physical-pentest-ai	w15	o8
physical-pentest-ai	w15	o9
physical-pentest-ai	w15	o10
autonomous-ai	w01	o5
autonomous-ai	w01	o7
autonomous-ai	w01	o8
autonomous-ai	w02	o2
autonomous-ai	w02	o5
autonomous-ai	w02	o7
autonomous-ai	w03	o4
autonomous-ai	w03	o6
autonomous-ai	w03	o7
autonomous-ai	w03	o8
autonomous-ai	w04	o2
autonomous-ai	w04	o4
autonomous-ai	w04	o5
autonomous-ai	w04	o6
autonomous-ai	w04	o7
autonomous-ai	w04	o8
autonomous-ai	w05	o4
autonomous-ai	w05	o5
autonomous-ai	w05	o7
autonomous-ai	w05	o8
autonomous-ai	w06	o2
autonomous-ai	w06	o5
autonomous-ai	w06	o6
autonomous-ai	w06	o7
autonomous-ai	w06	o8
autonomous-ai	w07	o4
autonomous-ai	w07	o5
autonomous-ai	w07	o7
autonomous-ai	w08	o2
autonomous-ai	w08	o5
autonomous-ai	w08	o7
autonomous-ai	w08	o8
autonomous-ai	w09	o2
autonomous-ai	w09	o4
autonomous-ai	w09	o5
autonomous-ai	w09	o6
autonomous-ai	w09	o7
autonomous-ai	w10	o3
autonomous-ai	w10	o4
autonomous-ai	w10	o8
autonomous-ai	w11	o2
autonomous-ai	w11	o4
autonomous-ai	w11	o5
autonomous-ai	w11	o7
autonomous-ai	w12	o3
autonomous-ai	w12	o5
autonomous-ai	w12	o7
autonomous-ai	w12	o8
autonomous-ai	w13	o4
autonomous-ai	w13	o8
autonomous-ai	w14	o8
autonomous-ai	w15	o1
autonomous-ai	w15	o4
autonomous-ai	w15	o6
